[{"name":"total_kills","value":21617},{"name":"total_deaths","value":46050},{"name":"total_time_played","value":2046125},{"name":"total_planted_bombs","value":705},{"name":"total_defused_bombs","value":82},{"name":"total_wins","value":8388},{"name":"total_damage_done","value":3266244},{"name":"total_money_earned","value":39407650},{"name":"total_rescued_hostages","value":11},{"name":"total_kills_knife","value":566},{"name":"total_kills_hegrenade","value":120},{"name":"total_kills_glock","value":856},{"name":"total_kills_deagle","value":294},{"name":"total_kills_elite","value":185},{"name":"total_kills_fiveseven","value":80},{"name":"total_kills_xm1014","value":290},{"name":"total_kills_mac10","value":133},{"name":"total_kills_ump45","value":476},{"name":"total_kills_p90","value":669},{"name":"total_kills_awp","value":3815},{"name":"total_kills_ak47","value":2604},{"name":"total_kills_aug","value":1270},{"name":"total_kills_famas","value":977},{"name":"total_kills_g3sg1","value":713},{"name":"total_kills_m249","value":163},{"name":"total_kills_headshot","value":6745},{"name":"total_kills_enemy_weapon","value":453},{"name":"total_wins_pistolround","value":448},{"name":"total_decal_sprays","value":2},{"name":"total_wins_map_cs_assault","value":3},{"name":"total_wins_map_cs_italy","value":19},{"name":"total_wins_map_cs_office","value":70},{"name":"total_wins_map_de_aztec","value":4},{"name":"total_wins_map_de_cbble","value":50},{"name":"total_wins_map_de_dust2","value":3818},{"name":"total_wins_map_de_dust","value":25},{"name":"total_wins_map_de_inferno","value":285},{"name":"total_wins_map_de_nuke","value":431},{"name":"total_wins_map_de_train","value":57},{"name":"total_weapons_donated","value":538},{"name":"total_broken_windows","value":98},{"name":"total_kills_enemy_blinded","value":135},{"name":"total_kills_knife_fight","value":163},{"name":"total_kills_against_zoomed_sniper","value":1642},{"name":"total_dominations","value":196},{"name":"total_domination_overkills","value":98},{"name":"total_revenges","value":385},{"name":"total_shots_hit","value":76203},{"name":"total_shots_fired","value":475740},{"name":"total_rounds_played","value":18899},{"name":"total_shots_deagle","value":3313},{"name":"total_shots_glock","value":33699},{"name":"total_shots_elite","value":5753},{"name":"total_shots_fiveseven","value":2647},{"name":"total_shots_awp","value":12393},{"name":"total_shots_ak47","value":71218},{"name":"total_shots_aug","value":12594},{"name":"total_shots_famas","value":28550},{"name":"total_shots_g3sg1","value":6937},{"name":"total_shots_p90","value":25820},{"name":"total_shots_mac10","value":7737},{"name":"total_shots_ump45","value":9836},{"name":"total_shots_xm1014","value":17341},{"name":"total_shots_m249","value":7866},{"name":"total_hits_deagle","value":617},{"name":"total_hits_glock","value":6029},{"name":"total_hits_elite","value":1052},{"name":"total_hits_fiveseven","value":385},{"name":"total_hits_awp","value":4267},{"name":"total_hits_ak47","value":10084},{"name":"total_hits_aug","value":3903},{"name":"total_hits_famas","value":4992},{"name":"total_hits_g3sg1","value":1408},{"name":"total_hits_p90","value":3953},{"name":"total_hits_mac10","value":1045},{"name":"total_hits_ump45","value":1950},{"name":"total_hits_xm1014","value":2602},{"name":"total_hits_m249","value":756},{"name":"total_rounds_map_cs_assault","value":12},{"name":"total_rounds_map_cs_italy","value":43},{"name":"total_rounds_map_cs_office","value":192},{"name":"total_rounds_map_de_aztec","value":6},{"name":"total_rounds_map_de_cbble","value":90},{"name":"total_rounds_map_de_dust2","value":8083},{"name":"total_rounds_map_de_dust","value":79},{"name":"total_rounds_map_de_inferno","value":710},{"name":"total_rounds_map_de_nuke","value":1019},{"name":"total_rounds_map_de_train","value":139},{"name":"last_match_t_wins","value":0},{"name":"last_match_ct_wins","value":1},{"name":"last_match_wins","value":1},{"name":"last_match_max_players","value":16},{"name":"last_match_kills","value":10},{"name":"last_match_deaths","value":18},{"name":"last_match_mvps","value":0},{"name":"last_match_favweapon_id","value":1},{"name":"last_match_favweapon_shots","value":60},{"name":"last_match_favweapon_hits","value":20},{"name":"last_match_favweapon_kills","value":6},{"name":"last_match_damage","value":1942},{"name":"last_match_money_spent","value":24000},{"name":"last_match_dominations","value":0},{"name":"last_match_revenges","value":1},{"name":"total_mvps","value":972},{"name":"total_rounds_map_de_lake","value":110},{"name":"total_rounds_map_de_safehouse","value":34},{"name":"total_rounds_map_de_sugarcane","value":31},{"name":"total_rounds_map_de_stmarc","value":38},{"name":"total_rounds_map_de_bank","value":41},{"name":"total_rounds_map_de_shorttrain","value":32},{"name":"total_TR_planted_bombs","value":3},{"name":"total_gun_game_rounds_won","value":502},{"name":"total_gun_game_rounds_played","value":1256},{"name":"total_wins_map_de_house","value":5},{"name":"total_wins_map_de_bank","value":18},{"name":"total_wins_map_de_vertigo","value":39},{"name":"total_wins_map_ar_monastery","value":7},{"name":"total_rounds_map_ar_shoots","value":28},{"name":"total_rounds_map_ar_baggage","value":20},{"name":"total_wins_map_ar_shoots","value":10},{"name":"total_wins_map_ar_baggage","value":12},{"name":"total_wins_map_de_lake","value":43},{"name":"total_wins_map_de_sugarcane","value":8},{"name":"total_wins_map_de_stmarc","value":11},{"name":"total_matches_won_bank","value":3},{"name":"total_wins_map_de_shorttrain","value":6},{"name":"total_wins_map_de_safehouse","value":17},{"name":"total_matches_won","value":855},{"name":"total_matches_played","value":2656},{"name":"total_gg_matches_won","value":5},{"name":"total_gg_matches_played","value":1070},{"name":"total_progressive_matches_won","value":39},{"name":"total_trbomb_matches_won","value":4},{"name":"total_contribution_score","value":143699},{"name":"last_match_contribution_score","value":140},{"name":"last_match_rounds","value":1},{"name":"total_kills_hkp2000","value":746},{"name":"total_shots_hkp2000","value":24057},{"name":"total_hits_hkp2000","value":3907},{"name":"total_hits_p250","value":1249},{"name":"total_kills_p250","value":262},{"name":"total_shots_p250","value":7314},{"name":"total_kills_sg556","value":583},{"name":"total_shots_sg556","value":13576},{"name":"total_hits_sg556","value":2127},{"name":"total_hits_scar20","value":1243},{"name":"total_kills_scar20","value":629},{"name":"total_shots_scar20","value":4054},{"name":"total_shots_ssg08","value":3441},{"name":"total_hits_ssg08","value":909},{"name":"total_kills_ssg08","value":453},{"name":"total_shots_mp7","value":11336},{"name":"total_hits_mp7","value":1662},{"name":"total_kills_mp7","value":235},{"name":"total_kills_mp9","value":103},{"name":"total_shots_mp9","value":6898},{"name":"total_hits_mp9","value":886},{"name":"total_hits_nova","value":2579},{"name":"total_kills_nova","value":277},{"name":"total_shots_nova","value":17340},{"name":"total_hits_negev","value":1473},{"name":"total_kills_negev","value":376},{"name":"total_shots_negev","value":15732},{"name":"total_shots_sawedoff","value":8753},{"name":"total_hits_sawedoff","value":1051},{"name":"total_kills_sawedoff","value":138},{"name":"total_shots_bizon","value":26170},{"name":"total_hits_bizon","value":3678},{"name":"total_kills_bizon","value":470},{"name":"total_kills_tec9","value":71},{"name":"total_shots_tec9","value":2240},{"name":"total_hits_tec9","value":328},{"name":"total_shots_mag7","value":9821},{"name":"total_hits_mag7","value":1453},{"name":"total_kills_mag7","value":159},{"name":"total_gun_game_contribution_score","value":1370},{"name":"last_match_gg_contribution_score","value":0},{"name":"total_kills_m4a1","value":2267},{"name":"total_kills_galilar","value":660},{"name":"total_kills_molotov","value":591},{"name":"total_kills_decoy","value":45},{"name":"total_kills_taser","value":342},{"name":"total_shots_m4a1","value":58653},{"name":"total_shots_galilar","value":20049},{"name":"total_shots_taser","value":602},{"name":"total_hits_m4a1","value":9927},{"name":"total_hits_galilar","value":2903},{"name":"total_rounds_map_ar_monastery","value":12},{"name":"total_matches_won_train","value":5},{"name":"total_rounds_map_de_vertigo","value":85},{"name":"total_matches_won_shoots","value":10},{"name":"total_matches_won_baggage","value":11},{"name":"total_matches_won_lake","value":4},{"name":"total_matches_won_sugarcane","value":1},{"name":"total_matches_won_stmarc","value":4},{"name":"total_matches_won_safehouse","value":10},{"name":"total_matches_won_shorttrain","value":2},{"name":"GI.lesson.csgo_instr_explain_buymenu","value":16},{"name":"GI.lesson.csgo_instr_explain_buyarmor","value":16},{"name":"GI.lesson.csgo_instr_explain_plant_bomb","value":16},{"name":"GI.lesson.csgo_instr_explain_bomb_carrier","value":1},{"name":"GI.lesson.bomb_sites_A","value":1},{"name":"GI.lesson.defuse_planted_bomb","value":1},{"name":"GI.lesson.csgo_instr_explain_follow_bomber","value":1},{"name":"GI.lesson.csgo_instr_explain_pickup_bomb","value":1},{"name":"GI.lesson.csgo_instr_explain_prevent_bomb_pickup","value":1},{"name":"GI.lesson.Csgo_cycle_weapons_kb","value":16},{"name":"GI.lesson.csgo_instr_explain_zoom","value":16},{"name":"GI.lesson.csgo_instr_explain_silencer","value":16},{"name":"GI.lesson.csgo_instr_explain_reload","value":17},{"name":"GI.lesson.tr_explain_plant_bomb","value":16},{"name":"GI.lesson.bomb_sites_B","value":1},{"name":"GI.lesson.version_number","value":16},{"name":"GI.lesson.find_planted_bomb","value":1},{"name":"GI.lesson.csgo_hostage_lead_to_hrz","value":1},{"name":"GI.lesson.csgo_instr_rescue_zone","value":1},{"name":"total_wins_map_cs_militia","value":8},{"name":"total_rounds_map_cs_militia","value":33},{"name":"GI.lesson.csgo_instr_explain_inspect","value":32}]