[{"id":1,"name":"npc_dota_hero_antimage","localized_name":"anti-mage","primary_attr":"agi","attack_type":"melee","roles":["carry","escape","nuker"],"legs":2},{"id":2,"name":"npc_dota_hero_axe","localized_name":"axe","primary_attr":"str","attack_type":"melee","roles":["initiator","durable","disabler","jungler"],"legs":2},{"id":3,"name":"npc_dota_hero_bane","localized_name":"bane","primary_attr":"int","attack_type":"ranged","roles":["support","disabler","nuker","durable"],"legs":4},{"id":4,"name":"npc_dota_hero_bloodseeker","localized_name":"bloodseeker","primary_attr":"agi","attack_type":"melee","roles":["carry","disabler","jungler","nuker","initiator"],"legs":2},{"id":5,"name":"npc_dota_hero_crystal_maiden","localized_name":"crystal-maiden","primary_attr":"int","attack_type":"ranged","roles":["support","disabler","nuker","jungler"],"legs":2},{"id":6,"name":"npc_dota_hero_drow_ranger","localized_name":"drow-ranger","primary_attr":"agi","attack_type":"ranged","roles":["carry","disabler","pusher"],"legs":2},{"id":7,"name":"npc_dota_hero_earthshaker","localized_name":"earthshaker","primary_attr":"str","attack_type":"melee","roles":["support","initiator","disabler","nuker"],"legs":2},{"id":8,"name":"npc_dota_hero_juggernaut","localized_name":"juggernaut","primary_attr":"agi","attack_type":"melee","roles":["carry","pusher","escape"],"legs":2},{"id":9,"name":"npc_dota_hero_mirana","localized_name":"mirana","primary_attr":"agi","attack_type":"ranged","roles":["carry","support","escape","nuker","disabler"],"legs":2},{"id":10,"name":"npc_dota_hero_morphling","localized_name":"morphling","primary_attr":"agi","attack_type":"ranged","roles":["carry","escape","durable","nuker","disabler"],"legs":0},{"id":11,"name":"npc_dota_hero_nevermore","localized_name":"shadow-fiend","primary_attr":"agi","attack_type":"ranged","roles":["carry","nuker"],"legs":0},{"id":12,"name":"npc_dota_hero_phantom_lancer","localized_name":"phantom-lancer","primary_attr":"agi","attack_type":"melee","roles":["carry","escape","pusher","nuker"],"legs":2},{"id":13,"name":"npc_dota_hero_puck","localized_name":"puck","primary_attr":"int","attack_type":"ranged","roles":["initiator","disabler","escape","nuker"],"legs":2},{"id":14,"name":"npc_dota_hero_pudge","localized_name":"pudge","primary_attr":"str","attack_type":"melee","roles":["disabler","initiator","durable","nuker"],"legs":2},{"id":15,"name":"npc_dota_hero_razor","localized_name":"razor","primary_attr":"agi","attack_type":"ranged","roles":["carry","durable","nuker","pusher"],"legs":0},{"id":16,"name":"npc_dota_hero_sand_king","localized_name":"sand-king","primary_attr":"str","attack_type":"melee","roles":["initiator","disabler","support","nuker","escape","jungler"],"legs":6},{"id":17,"name":"npc_dota_hero_storm_spirit","localized_name":"storm-spirit","primary_attr":"int","attack_type":"ranged","roles":["carry","escape","nuker","initiator","disabler"],"legs":2},{"id":18,"name":"npc_dota_hero_sven","localized_name":"sven","primary_attr":"str","attack_type":"melee","roles":["carry","disabler","initiator","durable","nuker"],"legs":2},{"id":19,"name":"npc_dota_hero_tiny","localized_name":"tiny","primary_attr":"str","attack_type":"melee","roles":["carry","nuker","pusher","initiator","durable","disabler"],"legs":2},{"id":20,"name":"npc_dota_hero_vengefulspirit","localized_name":"vengeful-spirit","primary_attr":"agi","attack_type":"ranged","roles":["support","initiator","disabler","nuker","escape"],"legs":2},{"id":21,"name":"npc_dota_hero_windrunner","localized_name":"windranger","primary_attr":"int","attack_type":"ranged","roles":["carry","support","disabler","escape","nuker"],"legs":2},{"id":22,"name":"npc_dota_hero_zuus","localized_name":"zeus","primary_attr":"int","attack_type":"ranged","roles":["nuker"],"legs":2},{"id":23,"name":"npc_dota_hero_kunkka","localized_name":"kunkka","primary_attr":"str","attack_type":"melee","roles":["carry","support","disabler","initiator","durable","nuker"],"legs":2},{"id":25,"name":"npc_dota_hero_lina","localized_name":"lina","primary_attr":"int","attack_type":"ranged","roles":["support","carry","nuker","disabler"],"legs":2},{"id":26,"name":"npc_dota_hero_lion","localized_name":"lion","primary_attr":"int","attack_type":"ranged","roles":["support","disabler","nuker","initiator"],"legs":2},{"id":27,"name":"npc_dota_hero_shadow_shaman","localized_name":"shadow-shaman","primary_attr":"int","attack_type":"ranged","roles":["support","pusher","disabler","nuker","initiator"],"legs":2},{"id":28,"name":"npc_dota_hero_slardar","localized_name":"slardar","primary_attr":"str","attack_type":"melee","roles":["carry","durable","initiator","disabler","escape"],"legs":0},{"id":29,"name":"npc_dota_hero_tidehunter","localized_name":"tidehunter","primary_attr":"str","attack_type":"melee","roles":["initiator","durable","disabler","nuker"],"legs":2},{"id":30,"name":"npc_dota_hero_witch_doctor","localized_name":"witch doctor","primary_attr":"int","attack_type":"ranged","roles":["support","nuker","disabler"],"legs":2},{"id":31,"name":"npc_dota_hero_lich","localized_name":"lich","primary_attr":"int","attack_type":"ranged","roles":["support","nuker"],"legs":2},{"id":32,"name":"npc_dota_hero_riki","localized_name":"riki","primary_attr":"agi","attack_type":"melee","roles":["carry","escape","disabler"],"legs":2},{"id":33,"name":"npc_dota_hero_enigma","localized_name":"enigma","primary_attr":"int","attack_type":"ranged","roles":["disabler","jungler","initiator","pusher"],"legs":0},{"id":34,"name":"npc_dota_hero_tinker","localized_name":"tinker","primary_attr":"int","attack_type":"ranged","roles":["carry","nuker","pusher"],"legs":2},{"id":35,"name":"npc_dota_hero_sniper","localized_name":"sniper","primary_attr":"agi","attack_type":"ranged","roles":["carry","nuker"],"legs":2},{"id":36,"name":"npc_dota_hero_necrolyte","localized_name":"necrophos","primary_attr":"int","attack_type":"ranged","roles":["carry","nuker","durable","disabler"],"legs":2},{"id":37,"name":"npc_dota_hero_warlock","localized_name":"warlock","primary_attr":"int","attack_type":"ranged","roles":["support","initiator","disabler"],"legs":2},{"id":38,"name":"npc_dota_hero_beastmaster","localized_name":"beastmaster","primary_attr":"str","attack_type":"melee","roles":["initiator","disabler","durable","nuker"],"legs":2},{"id":39,"name":"npc_dota_hero_queenofpain","localized_name":"queen-of-pain","primary_attr":"int","attack_type":"ranged","roles":["carry","nuker","escape"],"legs":2},{"id":40,"name":"npc_dota_hero_venomancer","localized_name":"venomancer","primary_attr":"agi","attack_type":"ranged","roles":["support","nuker","initiator","pusher","disabler"],"legs":0},{"id":41,"name":"npc_dota_hero_faceless_void","localized_name":"faceless void","primary_attr":"agi","attack_type":"melee","roles":["carry","initiator","disabler","escape","durable"],"legs":2},{"id":42,"name":"npc_dota_hero_skeleton_king","localized_name":"wraith-king","primary_attr":"str","attack_type":"melee","roles":["carry","support","durable","disabler","initiator"],"legs":2},{"id":43,"name":"npc_dota_hero_death_prophet","localized_name":"death-prophet","primary_attr":"int","attack_type":"ranged","roles":["carry","pusher","nuker","disabler"],"legs":2},{"id":44,"name":"npc_dota_hero_phantom_assassin","localized_name":"phantom-assassin","primary_attr":"agi","attack_type":"melee","roles":["carry","escape"],"legs":2},{"id":45,"name":"npc_dota_hero_pugna","localized_name":"pugna","primary_attr":"int","attack_type":"ranged","roles":["nuker","pusher"],"legs":2},{"id":46,"name":"npc_dota_hero_templar_assassin","localized_name":"templar-assassin","primary_attr":"agi","attack_type":"ranged","roles":["carry","escape"],"legs":2},{"id":47,"name":"npc_dota_hero_viper","localized_name":"viper","primary_attr":"agi","attack_type":"ranged","roles":["carry","durable","initiator","disabler"],"legs":0},{"id":48,"name":"npc_dota_hero_luna","localized_name":"luna","primary_attr":"agi","attack_type":"ranged","roles":["carry","nuker","pusher"],"legs":2},{"id":49,"name":"npc_dota_hero_dragon_knight","localized_name":"dragon-knight","primary_attr":"str","attack_type":"melee","roles":["carry","pusher","durable","disabler","initiator","nuker"],"legs":2},{"id":50,"name":"npc_dota_hero_dazzle","localized_name":"dazzle","primary_attr":"int","attack_type":"ranged","roles":["support","nuker","disabler"],"legs":2},{"id":51,"name":"npc_dota_hero_rattletrap","localized_name":"clockwerk","primary_attr":"str","attack_type":"melee","roles":["initiator","disabler","durable","nuker"],"legs":2},{"id":52,"name":"npc_dota_hero_leshrac","localized_name":"leshrac","primary_attr":"int","attack_type":"ranged","roles":["carry","support","nuker","pusher","disabler"],"legs":4},{"id":53,"name":"npc_dota_hero_furion","localized_name":"natures-prophet","primary_attr":"int","attack_type":"ranged","roles":["carry","jungler","pusher","escape","nuker"],"legs":2},{"id":54,"name":"npc_dota_hero_life_stealer","localized_name":"lifestealer","primary_attr":"str","attack_type":"melee","roles":["carry","durable","jungler","escape","disabler"],"legs":2},{"id":55,"name":"npc_dota_hero_dark_seer","localized_name":"dark-seer","primary_attr":"int","attack_type":"melee","roles":["initiator","jungler","escape","disabler"],"legs":2},{"id":56,"name":"npc_dota_hero_clinkz","localized_name":"clinkz","primary_attr":"agi","attack_type":"ranged","roles":["carry","escape","pusher"],"legs":2},{"id":57,"name":"npc_dota_hero_omniknight","localized_name":"omniknight","primary_attr":"str","attack_type":"melee","roles":["support","durable","nuker"],"legs":2},{"id":58,"name":"npc_dota_hero_enchantress","localized_name":"enchantress","primary_attr":"int","attack_type":"ranged","roles":["support","jungler","pusher","durable","disabler"],"legs":4},{"id":59,"name":"npc_dota_hero_huskar","localized_name":"huskar","primary_attr":"str","attack_type":"ranged","roles":["carry","durable","initiator"],"legs":2},{"id":60,"name":"npc_dota_hero_night_stalker","localized_name":"night-stalker","primary_attr":"str","attack_type":"melee","roles":["carry","initiator","durable","disabler","nuker"],"legs":2},{"id":61,"name":"npc_dota_hero_broodmother","localized_name":"broodmother","primary_attr":"agi","attack_type":"melee","roles":["carry","pusher","escape","nuker"],"legs":8},{"id":62,"name":"npc_dota_hero_bounty_hunter","localized_name":"bounty hunter","primary_attr":"agi","attack_type":"melee","roles":["escape","nuker"],"legs":2},{"id":63,"name":"npc_dota_hero_weaver","localized_name":"weaver","primary_attr":"agi","attack_type":"ranged","roles":["carry","escape"],"legs":4},{"id":64,"name":"npc_dota_hero_jakiro","localized_name":"jakiro","primary_attr":"int","attack_type":"ranged","roles":["support","nuker","pusher","disabler"],"legs":2},{"id":65,"name":"npc_dota_hero_batrider","localized_name":"batrider","primary_attr":"int","attack_type":"ranged","roles":["initiator","jungler","disabler","escape"],"legs":2},{"id":66,"name":"npc_dota_hero_chen","localized_name":"chen","primary_attr":"int","attack_type":"ranged","roles":["support","jungler","pusher"],"legs":2},{"id":67,"name":"npc_dota_hero_spectre","localized_name":"spectre","primary_attr":"agi","attack_type":"melee","roles":["carry","durable","escape"],"legs":0},{"id":68,"name":"npc_dota_hero_ancient_apparition","localized_name":"ancient-apparition","primary_attr":"int","attack_type":"ranged","roles":["support","disabler","nuker"],"legs":2},{"id":69,"name":"npc_dota_hero_doom_bringer","localized_name":"doom","primary_attr":"str","attack_type":"melee","roles":["carry","disabler","initiator","durable","nuker"],"legs":2},{"id":70,"name":"npc_dota_hero_ursa","localized_name":"ursa","primary_attr":"agi","attack_type":"melee","roles":["carry","jungler","durable","disabler"],"legs":2},{"id":71,"name":"npc_dota_hero_spirit_breaker","localized_name":"spirit-breaker","primary_attr":"str","attack_type":"melee","roles":["carry","initiator","disabler","durable","escape"],"legs":2},{"id":72,"name":"npc_dota_hero_gyrocopter","localized_name":"gyrocopter","primary_attr":"agi","attack_type":"ranged","roles":["carry","nuker","disabler"],"legs":2},{"id":73,"name":"npc_dota_hero_alchemist","localized_name":"alchemist","primary_attr":"str","attack_type":"melee","roles":["carry","support","durable","disabler","initiator","nuker"],"legs":2},{"id":74,"name":"npc_dota_hero_invoker","localized_name":"invoker","primary_attr":"int","attack_type":"ranged","roles":["carry","nuker","disabler","escape","pusher"],"legs":2},{"id":75,"name":"npc_dota_hero_silencer","localized_name":"silencer","primary_attr":"int","attack_type":"ranged","roles":["carry","support","disabler","initiator","nuker"],"legs":2},{"id":76,"name":"npc_dota_hero_obsidian_destroyer","localized_name":"outworld devourer","primary_attr":"int","attack_type":"ranged","roles":["carry","nuker","disabler"],"legs":4},{"id":77,"name":"npc_dota_hero_lycan","localized_name":"lycan","primary_attr":"str","attack_type":"melee","roles":["carry","pusher","jungler","durable","escape"],"legs":2},{"id":78,"name":"npc_dota_hero_brewmaster","localized_name":"brewmaster","primary_attr":"str","attack_type":"melee","roles":["carry","initiator","durable","disabler","nuker"],"legs":2},{"id":79,"name":"npc_dota_hero_shadow_demon","localized_name":"shadow-demon","primary_attr":"int","attack_type":"ranged","roles":["support","disabler","initiator","nuker"],"legs":2},{"id":80,"name":"npc_dota_hero_lone_druid","localized_name":"lone-druid","primary_attr":"agi","attack_type":"ranged","roles":["carry","pusher","jungler","durable"],"legs":2},{"id":81,"name":"npc_dota_hero_chaos_knight","localized_name":"chaos knight","primary_attr":"str","attack_type":"melee","roles":["carry","disabler","durable","pusher","initiator"],"legs":2},{"id":82,"name":"npc_dota_hero_meepo","localized_name":"meepo","primary_attr":"agi","attack_type":"melee","roles":["carry","escape","nuker","disabler","initiator","pusher"],"legs":2},{"id":83,"name":"npc_dota_hero_treant","localized_name":"treant protector","primary_attr":"str","attack_type":"melee","roles":["support","initiator","durable","disabler","escape"],"legs":2},{"id":84,"name":"npc_dota_hero_ogre_magi","localized_name":"ogre-magi","primary_attr":"int","attack_type":"melee","roles":["support","nuker","disabler","durable","initiator"],"legs":2},{"id":85,"name":"npc_dota_hero_undying","localized_name":"undying","primary_attr":"str","attack_type":"melee","roles":["support","durable","disabler","nuker"],"legs":2},{"id":86,"name":"npc_dota_hero_rubick","localized_name":"rubick","primary_attr":"int","attack_type":"ranged","roles":["support","disabler","nuker"],"legs":2},{"id":87,"name":"npc_dota_hero_disruptor","localized_name":"disruptor","primary_attr":"int","attack_type":"ranged","roles":["support","disabler","nuker","initiator"],"legs":2},{"id":88,"name":"npc_dota_hero_nyx_assassin","localized_name":"nyx-ssassin","primary_attr":"agi","attack_type":"melee","roles":["disabler","nuker","initiator","escape"],"legs":6},{"id":89,"name":"npc_dota_hero_naga_siren","localized_name":"naga-siren","primary_attr":"agi","attack_type":"melee","roles":["carry","support","pusher","disabler","initiator","escape"],"legs":0},{"id":90,"name":"npc_dota_hero_keeper_of_the_light","localized_name":"keeper-of-the-light","primary_attr":"int","attack_type":"ranged","roles":["support","nuker","disabler","jungler"],"legs":2},{"id":91,"name":"npc_dota_hero_wisp","localized_name":"io","primary_attr":"str","attack_type":"ranged","roles":["support","escape","nuker"],"legs":0},{"id":92,"name":"npc_dota_hero_visage","localized_name":"visage","primary_attr":"int","attack_type":"ranged","roles":["support","nuker","durable","disabler","pusher"],"legs":2},{"id":93,"name":"npc_dota_hero_slark","localized_name":"slark","primary_attr":"agi","attack_type":"melee","roles":["carry","escape","disabler","nuker"],"legs":2},{"id":94,"name":"npc_dota_hero_medusa","localized_name":"medusa","primary_attr":"agi","attack_type":"ranged","roles":["carry","disabler","durable"],"legs":0},{"id":95,"name":"npc_dota_hero_troll_warlord","localized_name":"troll-warlord","primary_attr":"agi","attack_type":"ranged","roles":["carry","pusher","disabler","durable"],"legs":2},{"id":96,"name":"npc_dota_hero_centaur","localized_name":"centaur-warrunner","primary_attr":"str","attack_type":"melee","roles":["durable","initiator","disabler","nuker","escape"],"legs":4},{"id":97,"name":"npc_dota_hero_magnataur","localized_name":"magnus","primary_attr":"str","attack_type":"melee","roles":["initiator","disabler","nuker","escape"],"legs":4},{"id":98,"name":"npc_dota_hero_shredder","localized_name":"timbersaw","primary_attr":"str","attack_type":"melee","roles":["nuker","durable","escape"],"legs":2},{"id":99,"name":"npc_dota_hero_bristleback","localized_name":"bristleback","primary_attr":"str","attack_type":"melee","roles":["carry","durable","initiator","nuker"],"legs":2},{"id":100,"name":"npc_dota_hero_tusk","localized_name":"tusk","primary_attr":"str","attack_type":"melee","roles":["initiator","disabler","nuker"],"legs":2},{"id":101,"name":"npc_dota_hero_skywrath_mage","localized_name":"skywrath","primary_attr":"int","attack_type":"ranged","roles":["support","nuker","disabler"],"legs":2},{"id":102,"name":"npc_dota_hero_abaddon","localized_name":"abaddon","primary_attr":"str","attack_type":"melee","roles":["support","carry","durable"],"legs":2},{"id":103,"name":"npc_dota_hero_elder_titan","localized_name":"elder-titan","primary_attr":"str","attack_type":"melee","roles":["initiator","disabler","nuker","durable"],"legs":2},{"id":104,"name":"npc_dota_hero_legion_commander","localized_name":"legion-commander","primary_attr":"str","attack_type":"melee","roles":["carry","disabler","initiator","durable","nuker"],"legs":2},{"id":105,"name":"npc_dota_hero_techies","localized_name":"techies","primary_attr":"int","attack_type":"ranged","roles":["nuker","disabler"],"legs":6},{"id":106,"name":"npc_dota_hero_ember_spirit","localized_name":"ember-spirit","primary_attr":"agi","attack_type":"melee","roles":["carry","escape","nuker","disabler","initiator"],"legs":2},{"id":107,"name":"npc_dota_hero_earth_spirit","localized_name":"earth-spirit","primary_attr":"str","attack_type":"melee","roles":["nuker","escape","disabler","initiator","durable"],"legs":2},{"id":108,"name":"npc_dota_hero_abyssal_underlord","localized_name":"underlord","primary_attr":"str","attack_type":"melee","roles":["support","nuker","disabler","durable","escape"],"legs":2},{"id":109,"name":"npc_dota_hero_terrorblade","localized_name":"terrorblade","primary_attr":"agi","attack_type":"melee","roles":["carry","pusher","nuker"],"legs":2},{"id":110,"name":"npc_dota_hero_phoenix","localized_name":"phoenix","primary_attr":"str","attack_type":"ranged","roles":["support","nuker","initiator","escape","disabler"],"legs":2},{"id":111,"name":"npc_dota_hero_oracle","localized_name":"oracle","primary_attr":"int","attack_type":"ranged","roles":["support","nuker","disabler","escape"],"legs":2},{"id":112,"name":"npc_dota_hero_winter_wyvern","localized_name":"winter-wyvern","primary_attr":"int","attack_type":"ranged","roles":["support","disabler","nuker"],"legs":2},{"id":113,"name":"npc_dota_hero_arc_warden","localized_name":"arc-warden","primary_attr":"agi","attack_type":"ranged","roles":["carry","escape","nuker"],"legs":2},{"id":114,"name":"npc_dota_hero_monkey_king","localized_name":"monkey-king","primary_attr":"agi","attack_type":"melee","roles":["carry","escape","disabler","initiator"],"legs":2},{"id":119,"name":"npc_dota_hero_dark_willow","localized_name":"dark-willow","primary_attr":"int","attack_type":"ranged","roles":["support","nuker","disabler","escape"],"legs":2},{"id":120,"name":"npc_dota_hero_pangolier","localized_name":"pangolier","primary_attr":"agi","attack_type":"melee","roles":["carry","nuker","disabler","durable","escape","initiator"],"legs":2},{"id":121,"name":"npc_dota_hero_grimstroke","localized_name":"grimstroke","primary_attr":"int","attack_type":"ranged","roles":["support","nuker","disabler","escape"],"legs":2},{"id":129,"name":"npc_dota_hero_mars","localized_name":"mars","primary_attr":"str","attack_type":"melee","roles":["carry","initiator","disabler","durable"],"legs":2}]	